Email ID,Category
100,Product inquiry
101,Product inquiry
102,Product inquiry
103,Product inquiry
104,Product inquiry
105,Product inquiry
106,Product inquiry
107,Product inquiry
108,Product inquiry
109,Product inquiry
110,Product inquiry
111,Product inquiry
112,Product inquiry
113,Product inquiry
114,Product inquiry
115,Product inquiry
116,Product inquiry
117,Product inquiry
118,Product inquiry
119,Product inquiry
120,Product inquiry
121,Product inquiry
122,Product inquiry
123,Product inquiry
124,Product inquiry
125,Product inquiry
126,Product inquiry
127,product inquiry
128,Product inquiry
129,Product inquiry
130,Product inquiry
131,Product inquiry
132,product inquiry
133,Product inquiry
134,Product inquiry
135,product inquiry
136,Product inquiry
137,Product inquiry
138,Product inquiry
139,Product inquiry
140,Product inquiry
141,Product inquiry
142,Product inquiry
143,Product inquiry
144,Product inquiry
145,Product inquiry
146,Product inquiry
147,Product inquiry
148,Product inquiry
149,Product inquiry
150,Product inquiry
151,Product inquiry
152,Product inquiry
153,Product inquiry
154,Product inquiry
155,Product inquiry
156,Product inquiry
157,Product inquiry
158,Product inquiry
159,Product inquiry
160,Product inquiry
161,Product inquiry
162,Product inquiry
163,Product inquiry
164,Product inquiry
165,Product inquiry
166,Product inquiry
167,Product inquiry
168,Product inquiry
169,Product inquiry
170,Product inquiry
171,Product inquiry
172,Product inquiry
173,Product inquiry
174,Product inquiry
175,Product inquiry
176,Product inquiry
177,Product inquiry
178,Product inquiry
179,Product inquiry
180,Product inquiry
181,Product inquiry
182,Product inquiry
183,Product inquiry
184,Product inquiry
185,Product inquiry
186,Product inquiry
187,Product inquiry
188,Product inquiry
189,Product inquiry
190,Product inquiry
191,Product inquiry
192,Product inquiry
193,Product inquiry
194,Product inquiry
195,Product inquiry
196,Product inquiry
197,product inquiry
198,Product inquiry
